{"Date":{"0":"10\/25\/16","1":"10\/28\/16","2":"10\/30\/16","3":"11\/1\/16","4":"11\/3\/16","5":"11\/4\/16","6":"11\/7\/16","7":"11\/9\/16","8":"11\/10\/16","9":"11\/13\/16","10":"11\/16\/16","11":"11\/18\/16","12":"11\/19\/16","13":"11\/21\/16","14":"11\/23\/16","15":"11\/25\/16","16":"11\/26\/16","17":"11\/28\/16","18":"12\/1\/16","19":"12\/3\/16","20":"12\/5\/16","21":"12\/7\/16","22":"12\/8\/16","23":"12\/10\/16","24":"12\/11\/16","25":"12\/13\/16","26":"12\/15\/16","27":"12\/17\/16","28":"12\/20\/16","29":"12\/22\/16","30":"12\/23\/16","31":"12\/25\/16","32":"12\/28\/16","33":"12\/30\/16","34":"1\/2\/17","35":"1\/4\/17","36":"1\/6\/17","37":"1\/8\/17","38":"1\/10\/17","39":"1\/12\/17","40":"1\/16\/17","41":"1\/18\/17","42":"1\/20\/17","43":"1\/22\/17","44":"1\/23\/17","45":"1\/25\/17","46":"1\/28\/17","47":"1\/29\/17","48":"2\/1\/17"},"Draymond Green":{"0":0.5625,"1":0.2352941176,"2":0.1351351351,"3":0.2,"4":0.3103448276,"5":0.4848484848,"6":0.1176470588,"7":0.4705882353,"8":0.4642857143,"9":0.3783783784,"10":0.3235294118,"11":0.3142857143,"12":0.2857142857,"13":0.3448275862,"14":0.1851851852,"15":0.48,"16":0.0,"17":0.1025641026,"18":0.4347826087,"19":0.3214285714,"20":0.0769230769,"21":0.7096774194,"22":0.3823529412,"23":0.2692307692,"24":0.5294117647,"25":0.3428571429,"26":0.1612903226,"27":0.1071428571,"28":0.4838709677,"29":0.0,"30":0.1351351351,"31":0.5161290323,"32":0.3783783784,"33":0.5,"34":0.4166666667,"35":0.3,"36":0.275,"37":0.28125,"38":0.3714285714,"39":0.0666666667,"40":0.3235294118,"41":0.3428571429,"42":0.4545454545,"43":0.1818181818,"44":0.1842105263,"45":0.3611111111,"46":0.2,"47":0.1515151515,"48":0.2666666667},"Kevin Durant":{"0":0.75,"1":0.7692307692,"2":1.0,"3":0.6666666667,"4":1.2580645161,"5":0.7714285714,"6":0.6111111111,"7":0.8,"8":0.6206896552,"9":0.7837837838,"10":0.8571428571,"11":0.71875,"12":0.9428571429,"13":0.5185185185,"14":0.9333333333,"15":0.8787878788,"16":0.7368421053,"17":0.6944444444,"18":0.7959183673,"19":0.625,"20":0.9090909091,"21":0.5161290323,"22":0.5833333333,"23":0.7,"24":0.5945945946,"25":0.7297297297,"26":0.4545454545,"27":1.1333333333,"28":0.9166666667,"29":0.7878787879,"30":1.0322580645,"31":0.9473684211,"32":0.5789473684,"33":0.5428571429,"34":0.6176470588,"35":0.8108108108,"36":0.6428571429,"37":0.7777777778,"38":0.7777777778,"39":0.8064516129,"40":0.75,"41":1.2121212121,"42":0.9696969697,"43":0.5172413793,"44":0.75,"45":0.9166666667,"46":0.8214285714,"47":0.9166666667,"48":0.5625},"Klay Thompson":{"0":0.3333333333,"1":0.7368421053,"2":0.35,"3":0.4666666667,"4":0.5625,"5":0.2702702703,"6":0.6315789474,"7":0.7142857143,"8":0.6129032258,"9":0.9090909091,"10":0.4838709677,"11":0.9333333333,"12":0.7837837838,"13":0.9615384615,"14":1.1304347826,"15":0.5454545455,"16":0.6052631579,"17":0.5405405405,"18":0.3191489362,"19":0.7878787879,"20":2.0689655172,"21":0.6857142857,"22":0.3703703704,"23":0.2580645161,"24":0.7894736842,"25":0.4594594595,"26":0.78125,"27":0.64,"28":0.5483870968,"29":0.6571428571,"30":0.4594594595,"31":0.6,"32":0.6176470588,"33":0.8285714286,"34":0.6756756757,"35":0.3783783784,"36":0.4146341463,"37":0.5,"38":0.0,"39":0.6571428571,"40":0.8387096774,"41":0.4827586207,"42":0.4705882353,"43":0.6363636364,"44":0.5945945946,"45":0.59375,"46":0.6153846154,"47":0.7714285714,"48":0.8787878788},"Stephen Curry":{"0":0.7647058824,"1":0.6764705882,"2":0.8235294118,"3":0.9655172414,"4":0.7,"5":0.4193548387,"6":1.3142857143,"7":0.8,"8":1.1379310345,"9":0.8333333333,"10":0.9459459459,"11":0.4444444444,"12":0.5882352941,"13":0.7586206897,"14":1.1071428571,"15":0.6857142857,"16":0.9189189189,"17":0.6578947368,"18":0.7368421053,"19":1.0689655172,"20":0.4482758621,"21":0.5757575758,"22":0.7428571429,"23":0.5666666667,"24":0.7096774194,"25":0.8823529412,"26":0.2424242424,"27":0.7037037037,"28":0.8333333333,"29":0.46875,"30":0.7142857143,"31":0.4054054054,"32":0.7777777778,"33":0.4666666667,"34":0.6285714286,"35":1.0,"36":0.9523809524,"37":0.8108108108,"38":0.6857142857,"39":0.8275862069,"40":0.6666666667,"41":0.7058823529,"42":0.75,"43":0.9310344828,"44":0.5833333333,"45":0.7777777778,"46":1.5357142857,"47":0.0,"48":1.3}}